{
  "userCart": [
    {
      "id": 6,
      "type": "food",
      "quantity": "1",
      "userMenuId": 2
    },
    {
      "type": "food",
      "quantity": "10",
      "userMenuId": "3",
      "id": 25
    },
    {
      "type": "food",
      "quantity": "1",
      "userMenuId": "5",
      "id": 27
    }
  ],
  "users": [
    {
      "id": 1,
      "name": "first user",
      "email": "asdf@gmail.com",
      "password": "abcd",
      "mobile": "2345678987654",
      "profilepic": "../media/profilepics/u1.jpg",
      "cart": "25,27,0,"
    },
    {
      "id": 2,
      "name": "ninty nine",
      "email": "nitynine@gmail.com",
      "password": "something",
      "mobile": "2345678987654",
      "profilepic": "../media/profilepics/u2.jpg",
      "cart": "6"
    },
    {
      "name": "qwertyu",
      "email": "ab@cd.com",
      "password": "qwert",
      "mobile": "123456788765",
      "profilepic": "../media/profilepics/u3.jpg",
      "id": 3
    },
    {
      "name": "trial one",
      "email": "trial@cybage.com",
      "password": "123",
      "mobile": "1234567",
      "profilepic": "../media/profilepics/u4.jpg",
      "id": 4
    },
    {
      "name": "trial two",
      "email": "trial2@cybage.com",
      "password": "trialtwo",
      "mobile": "9876543210",
      "id": 5
    },
    {
      "name": "trial one",
      "email": "asdf2",
      "phone": "2345678909",
      "password": "qwer",
      "id": 7
    },
    {
      "name": "svgsdfgsd",
      "email": "asdfgmail.com",
      "phone": "2312312312",
      "password": "1234",
      "id": 8
    },
    {
      "name": "userasasdfas",
      "email": "asdf@gmail.com",
      "phone": "3333333333",
      "password": "1234",
      "id": 9
    },
    {
      "name": "trial one",
      "email": "@gmail.com",
      "phone": "3333333333",
      "password": "1234",
      "id": 10
    },
    {
      "name": "swar",
      "email": "asdf@gmail.com",
      "phone": "1234567899",
      "password": "swa123",
      "id": 11
    },
    {
      "name": "swar",
      "email": "asdf@gmail",
      "phone": "1234567899",
      "password": "SWAraj@123",
      "id": 12
    },
    {
      "name": "Bhushan",
      "email": "asdf@gmail.com",
      "phone": "1234567899",
      "password": "Bhushan@123",
      "id": 13
    },
    {
      "name": "swar",
      "email": "asdf@gmail.com",
      "phone": "1234567899",
      "password": "1234",
      "id": 14
    },
    {
      "name": "swar",
      "email": "asdf@gmail.com",
      "phone": "1234567899",
      "password": "12345",
      "id": 15
    },
    {
      "name": "swar",
      "email": "asdf@gmail.com",
      "phone": "1234567899",
      "password": "1234",
      "id": 16
    },
    {
      "name": "sadf",
      "email": "sdf@sdafg.asdf",
      "phone": "2345678902",
      "password": "1234",
      "id": 17
    }
  ],
  "menu": [
    {
      "food": [
        {
          "id": 1,
          "name": "VEGGIE BURGER",
          "description": "Lorem ipsum dolor sit amet, consectetur adipiscing elit. Etiam at gravida lacus. Suspendisse laoreet ultrices ex, quis efficitur justo rhoncus sit amet.",
          "img": "../media/album/album-desserts@1x.jpg",
          "price": "150"
        },
        {
          "id": 2,
          "name": "COURGETTE CARPACCIO",
          "description": "Lorem ipsum dolor sit amet, consectetur adipiscing elit. Etiam at gravida lacus. Suspendisse laoreet ultrices ex, quis efficitur justo rhoncus sit amet.",
          "img": "../media/album/album-desserts@1x.jpg",
          "price": "170"
        },
        {
          "id": 3,
          "name": "MUSHROOM RISOTTO",
          "description": "Lorem ipsum dolor sit amet, consectetur adipiscing elit. Etiam at gravida lacus. Suspendisse laoreet ultrices ex, quis efficitur justo rhoncus sit amet.",
          "img": "../media/album/album-desserts@1x.jpg",
          "price": "210"
        },
        {
          "id": 4,
          "name": "CHOLE BHATURE",
          "description": "Lorem ipsum dolor sit amet consectetur adipisicing elit. Iure dolorum accusantium sunt quae! Pariatur, itaque voluptate architecto assumenda adipisci quo. Velit harum aut vitae. Voluptatum ex illum accusamus cumque dicta!",
          "img": "../media/album/CHOLE-BHATURE.jfif",
          "price": "120"
        },
        {
          "id": 5,
          "name": "SPRING ROLLS",
          "description": "Lorem ipsum dolor sit amet consectetur adipisicing elit. Iure dolorum accusantium sunt quae! Pariatur, itaque voluptate architecto assumenda adipisci quo. Velit harum aut vitae. Voluptatum ex illum accusamus cumque dicta!",
          "img": "../media/album/spring-rolls.jpg",
          "price": "150"
        },
        {
          "id": 6,
          "name": "PASTA",
          "description": "Lorem ipsum dolor sit amet consectetur adipisicing elit. Iure dolorum accusantium sunt quae! Pariatur, itaque voluptate architecto assumenda adipisci quo. Velit harum aut vitae. Voluptatum ex illum accusamus cumque dicta!",
          "img": "../media/album/PASTA.jpg",
          "price": "95"
        },
        {
          "id": 7,
          "name": "PEANUT BUTTER AND JELLY",
          "description": "Lorem ipsum dolor sit amet consectetur adipisicing elit. Iure dolorum accusantium sunt quae! Pariatur, itaque voluptate architecto assumenda adipisci quo. Velit harum aut vitae. Voluptatum ex illum accusamus cumque dicta!",
          "img": "../media/album/PEANUT-BUTTER-AND-JELLY.jpg",
          "price": "60"
        },
        {
          "id": 8,
          "name": "GUACAMOLE",
          "description": "Lorem ipsum dolor sit amet consectetur adipisicing elit. Iure dolorum accusantium sunt quae! Pariatur, itaque voluptate architecto assumenda adipisci quo. Velit harum aut vitae. Voluptatum ex illum accusamus cumque dicta!",
          "img": "../media/album/GUACAMOLE.jpg",
          "price": "60"
        },
        {
          "id": 9,
          "name": "GRILLED CHEEESE",
          "description": "Lorem ipsum dolor sit amet consectetur adipisicing elit. Iure dolorum accusantium sunt quae! Pariatur, itaque voluptate architecto assumenda adipisci quo. Velit harum aut vitae. Voluptatum ex illum accusamus cumque dicta!",
          "img": "../media/album/GRILLED-CHEEESE.jpg",
          "price": "160"
        },
        {
          "id": 10,
          "name": "BURRITOS",
          "description": "Lorem ipsum dolor sit amet consectetur adipisicing elit. Iure dolorum accusantium sunt quae! Pariatur, itaque voluptate architecto assumenda adipisci quo. Velit harum aut vitae. Voluptatum ex illum accusamus cumque dicta!",
          "img": "../media/album/BURRITOS.jpg",
          "price": "160"
        }
      ]
    },
    {
      "desserts": [
        {},
        {}
      ]
    },
    {
      "drinks": []
    }
  ]
}