{
  "userCart": [
    {
      "id": 2,
      "type": "food",
      "quantity": 3,
      "userMenuId": 3
    },
    {
      "id": 3,
      "type": "food",
      "quantity": 3,
      "userMenuId": 2
    },
    {
      "id": 4,
      "type": "food",
      "quantity": 12,
      "userMenuId": 1
    },
    {
      "id": 5,
      "type": "food",
      "quantity": 1,
      "userMenuId": 3
    },
    {
      "id": 6,
      "type": "food",
      "quantity": 1,
      "userMenuId": 2
    },
    {
      "id": 7,
      "type": "food",
      "quantity": 1,
      "userMenuId": 1
    }
  ],
  "users": [
    {
      "id": 1,
      "name": "first user",
      "email": "asdf@gmail.com",
      "password": "something",
      "mobile": "2345678987654",
      "cart[]": [
        2,
        3
      ]
    },
    {
      "id": 2,
      "name": "ninty nine",
      "email": "nitynine@gmail.com",
      "password": "something",
      "mobile": "2345678987654",
      "cart": [
        4,
        5,
        6
      ],
      "favourites": [
        {
          "id": 3,
          "type": "food"
        },
        {
          "id": 1,
          "type": "food"
        },
        {
          "id": 2,
          "type": "food"
        }
      ]
    },
    {
      "name": "qwertyu",
      "email": "ab@cd.com",
      "password": "qwert",
      "mobile": "123456788765",
      "id": 3
    }
  ],
  "menu": [
    {
      "food": [
        {
          "id": 1,
          "category": "vegeteratian meals",
          "name": "VEGGIE BURGER",
          "description": "Lorem ipsum dolor sit amet, consectetur adipiscing elit. Etiam at gravida lacus. Suspendisse laoreet ultrices ex, quis efficitur justo rhoncus sit amet.",
          "img-location": "../media/menu/food/breakfast.jpg",
          "price": "150"
        },
        {
          "id": 2,
          "category": "vegeteratian meals",
          "name": "COURGETTE CARPACCIO",
          "description": "Lorem ipsum dolor sit amet, consectetur adipiscing elit. Etiam at gravida lacus. Suspendisse laoreet ultrices ex, quis efficitur justo rhoncus sit amet.",
          "img-location": "../media/menu/food/breakfast.jpg",
          "price": "170"
        },
        {
          "id": 3,
          "category": "vegeteratian meals",
          "name": "MUSHROOM RISOTTO",
          "description": "Lorem ipsum dolor sit amet, consectetur adipiscing elit. Etiam at gravida lacus. Suspendisse laoreet ultrices ex, quis efficitur justo rhoncus sit amet.",
          "img-location": "../media/menu/food/breakfast.jpg",
          "price": "210"
        }
      ]
    },
    {
      "desserts": []
    },
    {
      "drinks": []
    }
  ]
}