{
    "food": [{
        "id":1,
        "category":"vegeteration meals",
        "name":"VEGGIE BURGER",
        "description": "Lorem ipsum dolor sit amet consectetur adipisicing elit. Iure dolorum accusantium sunt quae! Pariatur, itaque voluptate architecto assumenda adipisci quo. Velit harum aut vitae. Voluptatum ex illum accusamus cumque dicta!",
        "img": "veggie burger.jpg",
        "price": "250"
    },

    {
        "id":2,
        "category":"vegeteration meals",
        "name":"COURGETTE CARPACCIO",
        "description": "Lorem ipsum dolor sit amet consectetur adipisicing elit. Iure dolorum accusantium sunt quae! Pariatur, itaque voluptate architecto assumenda adipisci quo. Velit harum aut vitae. Voluptatum ex illum accusamus cumque dicta!",
        "img": "COURGETTE CARPACCIO.JPG",
        "price": "460"
    },

    {
        "id":3,
        "category":"vegeteration meals",
        "name":"MUSHROOM RISOTTO",
        "description": "Lorem ipsum dolor sit amet consectetur adipisicing elit. Iure dolorum accusantium sunt quae! Pariatur, itaque voluptate architecto assumenda adipisci quo. Velit harum aut vitae. Voluptatum ex illum accusamus cumque dicta!",
        "img": "MUSHROOM RISOTTO.jfif",
        "price": ""
    },

    {
        "id":4,
        "category":"vegeteration meals",
        "name":"CHOLE BHATURE",
        "description": "Lorem ipsum dolor sit amet consectetur adipisicing elit. Iure dolorum accusantium sunt quae! Pariatur, itaque voluptate architecto assumenda adipisci quo. Velit harum aut vitae. Voluptatum ex illum accusamus cumque dicta!",
        "img": "CHOLE BHATURE.JFOF",
        "price": "120"
    },

    {
        "id":5,
        "category":"vegeteration meals",
        "name":"SPRING ROLLS",
        "description": "Lorem ipsum dolor sit amet consectetur adipisicing elit. Iure dolorum accusantium sunt quae! Pariatur, itaque voluptate architecto assumenda adipisci quo. Velit harum aut vitae. Voluptatum ex illum accusamus cumque dicta!",
        "img": "SPRING ROLLS.JPEG",
        "price": "150"
    },

    {
        "id":5,
        "category":"vegeteration meals",
        "name":"BEAN-CENTERED DISHES",
        "description": "Lorem ipsum dolor sit amet consectetur adipisicing elit. Iure dolorum accusantium sunt quae! Pariatur, itaque voluptate architecto assumenda adipisci quo. Velit harum aut vitae. Voluptatum ex illum accusamus cumque dicta!",
        "img": "BEAN-CENTERED DISHES.JPG",
        "price": "350"
    },

    {
        "id":5,
        "category":"vegeteration meals",
        "name":"TOFU",
        "description": "Lorem ipsum dolor sit amet consectetur adipisicing elit. Iure dolorum accusantium sunt quae! Pariatur, itaque voluptate architecto assumenda adipisci quo. Velit harum aut vitae. Voluptatum ex illum accusamus cumque dicta!",
        "img": "TOFU.JPEG",
        "price": "90"
    },

    {
        "id":6,
        "category":"vegeteration meals",
        "name":"EGGPLANT PARMESAN",
        "description": "Lorem ipsum dolor sit amet consectetur adipisicing elit. Iure dolorum accusantium sunt quae! Pariatur, itaque voluptate architecto assumenda adipisci quo. Velit harum aut vitae. Voluptatum ex illum accusamus cumque dicta!",
        "img": "EGGPLANT PARMESAN.JPG",
        "price": "90"
    },

    {
        "id":6,
        "category":"vegeteration meals",
        "name":"PASTA",
        "description": "Lorem ipsum dolor sit amet consectetur adipisicing elit. Iure dolorum accusantium sunt quae! Pariatur, itaque voluptate architecto assumenda adipisci quo. Velit harum aut vitae. Voluptatum ex illum accusamus cumque dicta!",
        "img": "PASTA.JPEG",
        "price": "95"
    },

    {
        "id":7,
        "category":"vegeteration meals",
        "name":"PEANUT BUTTER AND JELLY",
        "description": "Lorem ipsum dolor sit amet consectetur adipisicing elit. Iure dolorum accusantium sunt quae! Pariatur, itaque voluptate architecto assumenda adipisci quo. Velit harum aut vitae. Voluptatum ex illum accusamus cumque dicta!",
        "img": "PEANUT BUTTER AND JELLY.JPEG",
        "price": "60"
    },

    {
        "id":8,
        "category":"vegeteration meals",
        "name":"GUACAMOLE",
        "description": "Lorem ipsum dolor sit amet consectetur adipisicing elit. Iure dolorum accusantium sunt quae! Pariatur, itaque voluptate architecto assumenda adipisci quo. Velit harum aut vitae. Voluptatum ex illum accusamus cumque dicta!",
        "img": "GUACAMOLE.JPEG",
        "price": "60"
    },

    {
        "id":9,
        "category":"vegeteration meals",
        "name":"GRILLED CHEEESE",
        "description": "Lorem ipsum dolor sit amet consectetur adipisicing elit. Iure dolorum accusantium sunt quae! Pariatur, itaque voluptate architecto assumenda adipisci quo. Velit harum aut vitae. Voluptatum ex illum accusamus cumque dicta!",
        "img": "GRILLED CHEEESE.JPEG",
        "price": "160"
    },

    {
        "id":10,
        "category":"vegeteration meals",
        "name":"BURRITOS",
        "description": "Lorem ipsum dolor sit amet consectetur adipisicing elit. Iure dolorum accusantium sunt quae! Pariatur, itaque voluptate architecto assumenda adipisci quo. Velit harum aut vitae. Voluptatum ex illum accusamus cumque dicta!",
        "img": "BURRITOS.JPEG",
        "price": "160"
    }

]}
