{
  "users": [
    {
      "userEmail": "swaraj@gmail.com",
      "userPassword": "1234",
      "userPhone_no": "9850088944",
      "id": 1
    },
    {
      "userEmail": "",
      "userPassword": "",
      "userPhone_no": "",
      "id": 2
    }
  ],
  "articles": [
    {
      "title": "swaraj",
      "image": "https://cdn.pixabay.com/photo/2015/04/23/22/00/tree-736885__340.jpg",
      "expert": "jdsklfjsldkfjsldkfjsdlkfj",
      "url": "https://cdn.pixabay.com/photo/2015/04/23/22/00/tree-736885__340.jpg"
    }
  ],
  "menu": [
    {
      "food": [
        {
          "id": 1,
          "category": "vegeteratian meals",
          "name": "VEGGIE BURGER",
          "description": "Lorem ipsum dolor sit amet, consectetur adipiscing elit. Etiam at gravida lacus. Suspendisse laoreet ultrices ex, quis efficitur justo rhoncus sit amet.",
          "img": "cybage.jpg",
          "price": "150"
        },
        {
          "id": 2,
          "category": "vegeteratian meals",
          "name": "COURGETTE CARPACCIO",
          "description": "Lorem ipsum dolor sit amet, consectetur adipiscing elit. Etiam at gravida lacus. Suspendisse laoreet ultrices ex, quis efficitur justo rhoncus sit amet.",
          "img": "cybage.jpg",
          "price": "170"
        },
        {
          "id": 3,
          "category": "vegeteratian meals",
          "name": "MUSHROOM RISOTTO",
          "description": "Lorem ipsum dolor sit amet, consectetur adipiscing elit. Etiam at gravida lacus. Suspendisse laoreet ultrices ex, quis efficitur justo rhoncus sit amet.",
          "img": "cybage.jpg",
          "price": "210"
        }
      ]
    },
    {
      "desserts": [
        {
          "id": 1,
          "category": "vegeteratian meals",
          "name": "VEGGIE BURGER",
          "description": "Lorem ipsum dolor sit amet, consectetur adipiscing elit. Etiam at gravida lacus. Suspendisse laoreet ultrices ex, quis efficitur justo rhoncus sit amet.",
          "img": "cybage.jpg",
          "price": "150"
        },
        {
          "id": 2,
          "category": "vegeteratian meals",
          "name": "COURGETTE CARPACCIO",
          "description": "Lorem ipsum dolor sit amet, consectetur adipiscing elit. Etiam at gravida lacus. Suspendisse laoreet ultrices ex, quis efficitur justo rhoncus sit amet.",
          "img": "cybage.jpg",
          "price": "170"
        },
        {
          "id": 3,
          "category": "vegeteratian meals",
          "name": "MUSHROOM RISOTTO",
          "description": "Lorem ipsum dolor sit amet, consectetur adipiscing elit. Etiam at gravida lacus. Suspendisse laoreet ultrices ex, quis efficitur justo rhoncus sit amet.",
          "img": "cybage.jpg",
          "price": "210"
        }
      ]
    },
    {
      "drinks": [
        {
          "id": 1,
          "category": "vegeteratian meals",
          "name": "VEGGIE BURGER",
          "description": "Lorem ipsum dolor sit amet, consectetur adipiscing elit. Etiam at gravida lacus. Suspendisse laoreet ultrices ex, quis efficitur justo rhoncus sit amet.",
          "img": "cybage.jpg",
          "price": "150"
        },
        {
          "id": 2,
          "category": "vegeteratian meals",
          "name": "COURGETTE CARPACCIO",
          "description": "Lorem ipsum dolor sit amet, consectetur adipiscing elit. Etiam at gravida lacus. Suspendisse laoreet ultrices ex, quis efficitur justo rhoncus sit amet.",
          "img": "cybage.jpg",
          "price": "170"
        },
        {
          "id": 3,
          "category": "vegeteratian meals",
          "name": "MUSHROOM RISOTTO",
          "description": "Lorem ipsum dolor sit amet, consectetur adipiscing elit. Etiam at gravida lacus. Suspendisse laoreet ultrices ex, quis efficitur justo rhoncus sit amet.",
          "img": "cybage.jpg",
          "price": "210"
        }
      ]
    }
  ]
}