{
  "userCart": [
    {
      "id": 2,
      "type": "food",
      "quantity": "2",
      "userMenuId": 3
    },
    {
      "id": 3,
      "type": "food",
      "quantity": "4",
      "userMenuId": 2
    },
    {
      "id": 4,
      "type": "food",
      "quantity": "12",
      "userMenuId": 1
    },
    {
      "id": 5,
      "type": "food",
      "quantity": "1",
      "userMenuId": 3
    },
    {
      "id": 6,
      "type": "food",
      "quantity": "1",
      "userMenuId": 2
    },
    {
      "id": 7,
      "type": "food",
      "quantity": "1",
      "userMenuId": 1
    },
    {
      "type": "food",
      "quantity": "1",
      "userMenuId": "2",
      "id": 8
    },
    {
      "type": "food",
      "quantity": "1",
      "userMenuId": "1",
      "id": 9
    },
    {
      "type": "food",
      "quantity": "1",
      "userMenuId": "2",
      "id": 10
    },
    {
      "type": "food",
      "quantity": "1",
      "userMenuId": "1",
      "id": 11
    },
    {
      "type": "food",
      "quantity": "1",
      "userMenuId": "1",
      "id": 12
    },
    {
      "type": "food",
      "quantity": "1",
      "userMenuId": "1",
      "id": 13
    },
    {
      "type": "food",
      "quantity": "1",
      "userMenuId": "3",
      "id": 14
    }
  ],
  "users": [
    {
      "id": 1,
      "name": "first user",
      "email": "asdf@gmail.com",
      "password": "12",
      "mobile": "2345678987654",
      "cart": [
        2,
        3
      ]
    },
    {
      "id": 2,
      "name": "ninty nine",
      "email": "nitynine@gmail.com",
      "password": "something",
      "mobile": "2345678987654",
      "cart": [
        4,
        5,
        6
      ],
      "favourites": [
        {
          "id": 3,
          "type": "food"
        },
        {
          "id": 1,
          "type": "food"
        },
        {
          "id": 2,
          "type": "food"
        }
      ]
    },
    {
      "name": "qwertyu",
      "email": "ab@cd.com",
      "password": "qwert",
      "mobile": "123456788765",
      "id": 3
    },
    {
      "name": "trial one",
      "email": "trial@cybage.com",
      "password": "123",
      "mobile": "1234567",
      "id": 4
    }
  ],
  "menu": [
    {
      "food": [
        {
          "id": 1,
          "category": "vegeteratian meals",
          "name": "VEGGIE BURGER",
          "description": "Lorem ipsum dolor sit amet, consectetur adipiscing elit. Etiam at gravida lacus. Suspendisse laoreet ultrices ex, quis efficitur justo rhoncus sit amet.",
          "img": "../media/album/album-desserts@1x.jpg",
          "price": "150"
        },
        {
          "id": 2,
          "category": "vegeteratian meals",
          "name": "COURGETTE CARPACCIO",
          "description": "Lorem ipsum dolor sit amet, consectetur adipiscing elit. Etiam at gravida lacus. Suspendisse laoreet ultrices ex, quis efficitur justo rhoncus sit amet.",
          "img": "../media/album/album-desserts@1x.jpg",
          "price": "170"
        },
        {
          "id": 3,
          "category": "vegeteratian meals",
          "name": "MUSHROOM RISOTTO",
          "description": "Lorem ipsum dolor sit amet, consectetur adipiscing elit. Etiam at gravida lacus. Suspendisse laoreet ultrices ex, quis efficitur justo rhoncus sit amet.",
          "img": "../media/album/album-desserts@1x.jpg",
          "price": "210"
        }
      ]
    },
    {
      "desserts": []
    },
    {
      "drinks": []
    }
  ]
}