{
  "Employee": [
    {
      "id": 1,
      "Name": "Jon"
    },
    {
      "id": 2,
      "Name": "jsaonS"
    },
    {
      "id": 3,
      "Name": "Ak"
    },
    {
      "id": "234",
      "Name": "dsfgsdfg"
    },
    {
      "id": "12",
      "Name": "Ssdgkij"
    }
  ],
  "Employeee": [
    {
      "id": 1,
      "Name": "Jony",
      "City": "Pune",
      "Mobile": 231244,
      "value": "{\"id\":1,\"Name\":\"jONNNNY\",\"City\":\"Los Angles\",\"Mobile\":\"2345678\"}"
    },
    {
      "id": 2,
      "Name": "jsaonS",
      "City": "Pune",
      "Mobile": 231244
    },
    {
      "id": 3,
      "Name": "Ak",
      "City": "Pune",
      "Mobile": 231244
    },
    {
      "id": 234,
      "Name": "dsfgsdfg",
      "City": "Pune",
      "Mobile": 231244
    },
    {
      "id": 324,
      "Name": "dfdgdfg",
      "City": "fdgsd",
      "Mobile": "4356823"
    }
  ]
}